97.39492871403067,5.479242017503884,0.0,11.610793328647448,97.55399857919754,0.0,0.0,104.84258679688993,0.0,11.109132361344878,39.85632215411234,52.466056910245214,30.564636180288197,16.6750109850746,45.921746716779026,22.272953569760894,85.59920708235242,0.0,0.0,97.01947886581522,0.0,0.0,107.65066617833477,0.0,58.49957894501498,37.504354546114,0.0,0.0,98.63410733690593,0.0,93.57031282533492,0.0,0.0,94.19119142836679,0.0,0.0,92.55564595825189,10.150675940753862,0.0,109.52665934493851,0.0,0.0,52.67149132504743,40.57264835385279,6.520775701457278,G1
99.13025777577907,5.807588088374764,0.0,11.729667426342766,81.27448612223075,0.0,0.0,107.73685110698648,0.0,11.806081791037998,37.99882145684856,53.69648005565217,36.22050466225029,18.265172141618166,50.564304379319005,22.490822890530072,75.26925765303204,0.0,0.0,102.41675190364867,0.0,0.0,101.13631430505993,0.0,58.56253936067236,42.47681718649162,0.0,0.0,104.3759920182572,0.0,103.25106699724826,0.0,0.0,104.05339804377218,0.0,0.0,88.94329165668422,9.90047754294505,0.0,108.57206109676328,0.0,0.0,59.69897310110258,35.20895973465499,5.454571636980139,G1
93.00118078814545,6.542831694442272,0.0,11.094718338147702,87.33079433304314,0.0,0.0,109.0340074881964,0.0,10.513569475377073,36.194424335554835,53.17480927172191,33.41497451919952,18.542459652834264,49.00922924011546,22.413946887795134,81.84862551703729,0.0,0.0,95.56238029460285,0.0,0.0,95.24011818274238,0.0,57.616402890759225,40.83747587076286,0.0,0.0,93.4017778106126,0.0,108.98251490009392,0.0,0.0,105.12451901208297,0.0,0.0,92.06433945632368,12.066185434197166,0.0,98.86857828328404,0.0,0.0,53.84841252856246,40.2655148015963,6.310235386812047,G1
91.748154774246,5.743104147833363,0.0,9.972528051380294,86.03989095705273,0.0,0.0,101.90856433574292,0.0,11.26688837354407,39.78525057920547,48.3322623914485,32.11477398289002,18.460945569825284,52.392847997258045,20.394888308170597,78.27095682184905,0.0,0.0,103.47214894107569,0.0,0.0,93.64731089929096,0.0,60.953155375427684,41.283032912496154,0.0,0.0,107.53138989898684,0.0,108.20664723724946,0.0,0.0,90.6126833776358,0.0,0.0,84.25704232714894,10.062244958316066,0.0,92.59619833961916,0.0,0.0,57.89169819433902,40.20270841605192,6.455762501171577,G1
95.41807032072023,6.304359899530914,0.0,11.586556254232963,82.61916024554917,0.0,0.0,99.19936850333892,0.0,11.426812607429936,41.856560937332226,54.95314158726948,32.44617733902044,17.85176389346409,49.12882135794854,23.37689442012858,73.54381773145417,0.0,0.0,95.96710774985647,0.0,0.0,91.88817584396872,0.0,55.439261886557716,41.85393801518401,0.0,0.0,107.10890901756291,0.0,109.81359286054902,0.0,0.0,97.6753047466579,0.0,0.0,88.89972964653523,11.723397504542676,0.0,100.92323446333928,0.0,0.0,52.703562443890426,34.52245280681278,5.528979304027559,G1
102.48232107353347,5.764246287708494,0.0,10.34593992569563,86.7635409344571,0.0,0.0,100.75472773926555,0.0,10.949021205499271,37.67890390401415,48.887376622012056,34.986512251650254,16.842549886324367,50.477861558403816,20.474897845251537,71.35425422158386,0.0,0.0,101.46921708443115,0.0,0.0,109.57411475265303,0.0,59.3633050692189,38.199703862471075,0.0,0.0,101.02909726925043,0.0,103.68992399611082,0.0,0.0,92.15090927875669,0.0,0.0,95.338392950038,10.183084449253313,0.0,93.89238287900561,0.0,0.0,60.00806756361491,36.20469429464306,6.40458465018503,G1
85.10490063483215,6.171228255968064,0.0,10.754192616680944,81.8372216891539,0.0,0.0,108.24911326580812,0.0,10.152464823551151,35.308451408911075,50.95246964066357,31.474447266665592,18.53614805382286,48.30133611801442,20.67570328521174,79.46210919882297,0.0,0.0,109.18874429036902,0.0,0.0,95.51500460368207,0.0,55.90491445698596,35.30182932274207,0.0,0.0,95.7504441658659,0.0,105.71698722803212,0.0,0.0,90.07085458176928,0.0,0.0,96.93463649047136,11.117573640938097,0.0,107.950514602171,0.0,0.0,52.379079161085045,36.70681167649116,6.5894217056884,G1
87.32498192128229,5.559583570726488,0.0,10.881912275332708,92.15214324048422,0.0,0.0,101.17827387568116,0.0,11.064231256416017,37.71656729543338,47.360264259983765,34.10274852162046,16.678807055100712,45.429899097615454,22.97207205384245,77.41776930468565,0.0,0.0,98.95861259779527,0.0,0.0,101.93678493696908,0.0,59.89126299115837,41.60004309730317,0.0,0.0,98.51086616111964,0.0,95.50339756101141,0.0,0.0,95.63451927131365,0.0,0.0,90.22357665311418,11.553006965788487,0.0,100.30952917487808,0.0,0.0,51.11197637953923,35.72474872432641,6.26493878031918,G1
103.19214633486958,6.452066280474403,0.0,11.180953458292608,81.08017408545874,0.0,0.0,102.023790003075,0.0,11.516982182360378,40.10236767694889,48.262839498325704,32.535848876719285,17.757509149242395,48.00573445588008,22.829732342253465,85.3675209798217,0.0,0.0,109.45544601670639,0.0,0.0,100.7475082210263,0.0,64.63468045495848,38.93651263643925,0.0,0.0,101.41878836671242,0.0,106.1230814330938,0.0,0.0,98.88925876856969,0.0,0.0,91.93405212224017,11.772097529717056,0.0,96.03760893066473,0.0,0.0,57.96511083525234,37.979923970394935,5.811402603332243,G1
90.69270852803916,5.565896606277149,0.0,10.46549059205285,89.92651539684117,0.0,0.0,109.71646600056394,0.0,11.521787574946474,40.62864084828301,54.4983332529171,36.257690795087,16.500928561609204,46.854196099909586,23.334183609538584,77.47546499479961,0.0,0.0,90.77929718978844,0.0,0.0,91.3454886519058,0.0,56.82159043320679,39.26251932281491,0.0,0.0,101.00290470750102,0.0,108.51851707684673,0.0,0.0,104.44216299278177,0.0,0.0,95.24839390697466,9.944529412111486,0.0,103.76209121181238,0.0,0.0,55.35610497722677,34.55471589028271,5.980678467565735,G1
102.00942757975703,6.271122160085554,0.0,10.732726731206299,80.82361213402618,0.0,0.0,94.85360395837183,0.0,11.271883204597533,37.263062848306724,49.47679854122516,31.021150158548316,15.954562550517721,49.049127887585115,21.390552594815937,79.04535982022408,0.0,0.0,101.1955886451658,0.0,0.0,107.76263695355924,0.0,61.93298205624157,41.784889459414515,0.0,0.0,104.55352211823126,0.0,98.70865753520087,0.0,0.0,102.92178865152013,0.0,0.0,91.0844367196289,9.985466388872743,0.0,108.8661801841742,0.0,0.0,60.30349256594575,35.04949497963045,6.3991042093487795,G1
99.42359969462268,6.548953429944383,0.0,10.15185852293163,95.68593243114611,0.0,0.0,104.88655422966818,0.0,11.299174352330109,39.77882847213229,50.64396282324109,31.559404257716448,16.404405797808256,53.953455630693796,21.955776413631444,83.09907891406479,0.0,0.0,93.41465470715745,0.0,0.0,92.86298009087942,0.0,60.19781190314396,42.085609515698316,0.0,0.0,91.47562215645053,0.0,103.90368130554897,0.0,0.0,94.42393307328072,0.0,0.0,87.50988248499364,11.537598244676774,0.0,109.17987320756855,0.0,0.0,60.864226084913156,38.770890265534184,5.802512540213648,G1
86.81347866741626,5.4503523671413125,0.0,11.650512595162148,83.97031663966331,0.0,0.0,102.41624998931692,0.0,10.557870966707984,35.15220687871472,51.16164316691435,30.984257499257673,17.98158774606566,49.30247271437943,22.1682411036079,82.41707681303494,0.0,0.0,98.5046065773772,0.0,0.0,95.76189449111043,0.0,57.8825975195629,39.7725980891427,0.0,0.0,105.25261637710611,0.0,104.88349340679623,0.0,0.0,91.11181220694496,0.0,0.0,95.83496963609905,11.002435858011411,0.0,109.86121539903193,0.0,0.0,56.3598995331463,36.45291992178699,6.3054594722177875,G1
101.68260543772982,6.461364279433071,0.0,11.110455509277314,84.54068842609968,0.0,0.0,109.00998725266612,0.0,11.488968483085625,39.696138890642224,45.48633151042616,31.84894036433883,18.456996024752797,52.87235448383197,20.760621082777767,73.98191647624503,0.0,0.0,105.0799487639178,0.0,0.0,105.76770148357707,0.0,62.53999832642394,37.0837769566928,0.0,0.0,93.82999310622792,0.0,91.42895404378199,0.0,0.0,104.20149610180233,0.0,0.0,87.45945868432575,9.955447319882884,0.0,95.76660562693465,0.0,0.0,53.07162379775753,35.13559293116273,6.551628904878663,G1
89.22791205129683,6.547101339622271,0.0,11.949525303353084,94.40094708727031,0.0,0.0,96.63206821036309,0.0,11.62093083108017,42.66003875209759,47.600559469305864,31.503412391675337,17.755407562371357,48.289494874452856,22.719410048878096,76.12838769757225,0.0,0.0,95.73564356691983,0.0,0.0,95.72944346710476,0.0,62.82560157118532,39.86894376925329,0.0,0.0,90.3194984747305,0.0,95.63260663461445,0.0,0.0,97.58080987254102,0.0,0.0,89.37103898269687,10.837986217485803,0.0,97.22421353099074,0.0,0.0,54.2077558528929,38.007091225491756,5.841645323221426,G1
88.02506302642023,5.665022759052613,0.0,10.817098739563432,81.59601751022925,0.0,0.0,108.7155791639397,0.0,10.835656952621425,42.771261158768624,50.35713746170591,33.94988650024894,18.571173094477608,47.84560326849899,21.339605267513903,79.52235057675614,0.0,0.0,105.61973005700759,0.0,0.0,97.4962029725773,0.0,55.33338536753307,36.33695538683855,0.0,0.0,109.18373758960806,0.0,109.76773632121521,0.0,0.0,105.1203721363764,0.0,0.0,97.38001352911188,9.922045897982102,0.0,90.41940342757866,0.0,0.0,60.71515767428568,40.300102355098666,5.850477738571864,G1
94.31055605406614,5.666154730897365,0.0,11.565046423583336,82.78837450228175,0.0,0.0,102.86589819375132,0.0,11.823643436218708,38.99845187387013,46.79978110563278,31.757222681270534,18.59537143038846,48.0514241968267,22.0997667424299,71.38654612813994,0.0,0.0,91.33842219278534,0.0,0.0,93.37320849965205,0.0,66.59300808265004,39.86174301880994,0.0,0.0,93.55218135964935,0.0,105.95125528312579,0.0,0.0,109.57642100529482,0.0,0.0,87.38324262029118,11.242299066544115,0.0,101.08735798843237,0.0,0.0,56.359612366461306,38.01041488908152,6.233344375384277,G1
84.71291610868445,6.379481349034991,0.0,10.316872916546934,88.66756189532394,0.0,0.0,98.79566335585017,0.0,10.657373702094088,35.38921079422992,45.696082192898864,30.718391822131903,16.554826477916162,47.92414187091482,23.09953036683845,72.72855589425224,0.0,0.0,94.38756995565315,0.0,0.0,91.613911372003,0.0,63.06165497786981,40.026058767984416,0.0,0.0,96.61543778179107,0.0,95.2511458018877,0.0,0.0,101.87690990776908,0.0,0.0,87.93920140351538,10.112698082695246,0.0,105.9329527143054,0.0,0.0,52.25892725008533,40.53377494687447,6.110200566847898,G1
89.13068112383486,6.232905303862595,0.0,10.213105978256987,94.63201271092365,0.0,0.0,107.51251269808272,0.0,10.036056968574755,38.809274327006925,51.83386348383369,33.38454835426039,18.4736537475668,45.24459494060796,22.42524757920059,71.03460214626554,0.0,0.0,103.72416704052529,0.0,0.0,90.76908853694616,0.0,59.90682400784094,35.677301588991355,0.0,0.0,101.929428607159,0.0,95.48235493795005,0.0,0.0,95.40732359466062,0.0,0.0,85.21380768914224,10.137802589856495,0.0,100.6126126961082,0.0,0.0,57.27491913832988,37.911332779152026,6.004002345964041,G1
94.7897808422124,5.862471422254536,0.0,11.134565341175923,88.96177915511,0.0,0.0,108.4108116596421,0.0,10.805110793574494,42.81987095399964,53.04775586145908,36.18925885895902,15.314365096914276,54.227297700173864,22.51330211322735,73.26409448208355,0.0,0.0,108.39162939643919,0.0,0.0,90.74911704262229,0.0,61.89658651741017,41.8140766790808,0.0,0.0,98.77102580191405,0.0,108.03054068301647,0.0,0.0,95.97548651413257,0.0,0.0,82.5177195302622,12.09836214955094,0.0,99.327570130181,0.0,0.0,57.47707020672472,37.333013078398395,6.175530100783756,G1
68.37855394489374,30.380467336832197,0.0,29.007081644722202,69.45539804505748,0.0,47.862936428071116,52.53414833983638,0.0,60.4672792450791,18.422548278288772,23.96327735663697,21.984610045479446,41.45192301623209,41.55910830260805,46.494772067964576,59.07318791080793,0.0,18.26619799498329,77.22100254249615,0.0,10.192351131645248,97.11036909849528,0.0,66.90679806891488,28.62217910964767,0.0,6.551752136240818,100.99040187538711,0.0,64.15398860712857,39.1830092753412,0.0,95.6478362698581,0.0,0.0,66.27905774760494,41.19806704028941,0.0,46.359587782215925,49.81634049908472,0.0,53.630471831154104,47.289139099219575,0.0,G2
66.24649375996721,27.132380415212708,0.0,29.722876666138667,68.69349701261118,0.0,43.4407459984003,50.37732638506531,0.0,59.16166113300358,18.231391144816225,21.67998409296721,20.951214336975823,38.17727696470175,37.75045844293368,47.86467088549411,60.763779863654065,0.0,18.591305912183024,88.50151284141778,0.0,10.505355136460956,81.67246418793162,0.0,65.015057433045,29.649632146027,0.0,5.778674719116112,102.78172383862615,0.0,63.13091152030677,38.44860173734486,0.0,96.21374539988612,0.0,0.0,62.40949067191618,36.15177720068365,0.0,53.236454262687545,52.41068017911776,0.0,59.148730427929465,41.63276673921767,0.0,G2
74.60401961558362,27.25177475976434,0.0,29.686380495352957,71.71376305553008,0.0,44.1144530556668,54.11730228671295,0.0,61.12618799318012,16.134609016804173,23.395982083329883,23.244279332696223,41.14632984109922,37.00641754341094,43.99129271574499,60.779934669093116,0.0,15.713570715511324,79.71164172565726,0.0,11.626387039144062,92.47389785797397,0.0,67.97927477869493,29.248339371643198,0.0,5.995270749246195,93.49337860652315,0.0,55.82010603767579,39.7179198717761,0.0,106.71113091712476,0.0,0.0,59.457056542462055,42.870758924970175,0.0,45.27458920618719,52.15847199381452,0.0,51.21080233436418,43.571507246675836,0.0,G2
77.66182835977554,29.5429481247777,0.0,28.81740989431531,67.27990787251501,0.0,47.42195070583697,55.94854541762915,0.0,60.52742772178364,17.889306885245418,19.856813683803285,23.50637452824969,35.128493160161725,39.94360284990595,42.909235190408495,59.61448345852618,0.0,17.896571268216885,90.43272984078614,0.0,11.10578860084044,92.30476115744442,0.0,78.59126242533591,29.251310702904483,0.0,6.0428833835728115,90.41955309944791,0.0,58.45037229282606,39.52238840411611,0.0,104.87695609817416,0.0,0.0,66.38173135685241,40.44319484978322,0.0,50.52585029756138,54.410801129237484,0.0,55.50644843601462,43.963870592133624,0.0,G2
67.57789097285712,28.412080636738505,0.0,28.45413674563728,66.62771347424062,0.0,48.54048210630322,53.81016509159672,0.0,61.75354169740271,18.299836738113502,22.234232292175342,21.443541893681385,37.68888400579939,39.77767867551539,39.89537719206143,51.86898333429578,0.0,17.033751323349204,77.77014912991952,0.0,9.947785719806557,94.13410603876406,0.0,77.32768599656593,27.634855524849325,0.0,5.79863942130326,88.33467423763143,0.0,63.45674504410914,41.08101527996598,0.0,96.53302285423206,0.0,0.0,64.08339476272091,39.36142985336496,0.0,47.72987658164123,49.99491564437922,0.0,56.39195063050063,43.92054453440981,0.0,G2
71.85852929440475,27.87435184050425,0.0,26.316506214066045,68.8329522258807,0.0,50.21973861084285,55.25756111463244,0.0,55.456281940651266,17.278773542652253,20.312972648400763,23.603792376254695,39.7285336340711,39.771494529476925,41.83582443104271,56.75495640447356,0.0,15.987493761444755,85.61192820376263,0.0,11.185232059905179,90.10237544450979,0.0,78.80680879217861,25.223634280743944,0.0,5.608234166337034,87.46105888770838,0.0,61.38925875111785,36.6485606552817,0.0,102.90974616605241,0.0,0.0,61.9334705745562,38.37544875295513,0.0,52.0898406365993,49.54518808261136,0.0,57.41248689786773,46.05666113784884,0.0,G2
77.02309547678367,29.108750837164152,0.0,25.643241499609374,68.093178085956,0.0,49.98577745778203,53.893222390779165,0.0,64.3032178914159,17.651978439788433,22.602663347005883,21.30118630990742,38.42083292697299,38.79935602265605,41.06567269742733,57.7231514750136,0.0,17.250356657277777,86.31051895228288,0.0,10.939892697013379,82.69450889919456,0.0,77.82544906034212,25.848476488476592,0.0,6.536676345525078,102.70082227558721,0.0,64.68754707493234,37.00890641469491,0.0,103.66426590391923,0.0,0.0,56.31745760765711,40.42424062856645,0.0,51.667220492988484,51.995592082565935,0.0,58.10992236702844,44.450802028212586,0.0,G2
66.90270390935602,27.986213849202347,0.0,30.73564901071389,76.0644242775575,0.0,45.570267661661816,56.47915905079746,0.0,62.23416540563611,16.792378164938665,20.272011396567667,21.566146199586985,42.46481478912812,37.73312680047117,45.764168430697964,56.29184407145108,0.0,16.310152109156316,75.13389988122877,0.0,11.377774683536103,93.9486878751985,0.0,75.78343741484036,29.83666441577363,0.0,5.844032407644415,85.0457210692277,0.0,65.93291208205913,37.627857399283315,0.0,96.81790924069398,0.0,0.0,66.9731108506976,39.641772547024686,0.0,47.100515158678164,49.590761780116786,0.0,51.679123246710866,40.90702412818481,0.0,G2
72.0799176341767,28.900034150686754,0.0,28.601608393576075,69.86379818552547,0.0,46.843375463119834,50.41629594710342,0.0,66.35360265680868,16.58114842862361,20.89947811563695,23.6602430045387,40.82491053133058,39.615388188772094,39.77354457231054,59.95368569849594,0.0,16.833929929646125,79.75166909151844,0.0,11.21589058497281,94.68923624794725,0.0,69.10278923382195,25.94258171038932,0.0,6.294054360949809,98.00939693131467,0.0,60.34188949035666,38.40476514564353,0.0,107.81000365324071,0.0,0.0,58.58052178529296,35.648891653420925,0.0,53.397702441415134,48.18894438248319,0.0,57.560711069282455,40.82070450542979,0.0,G2
67.24845881273191,26.68620027039776,0.0,26.675087807769994,71.24566013082328,0.0,50.20106704927572,58.98002065147486,0.0,64.62275676371446,15.760874057836828,20.06815879200576,21.75438834263898,42.34138733687614,42.65305016539657,45.30975958881664,58.28699827531541,0.0,15.614405123332144,90.38017616219297,0.0,11.057802400967443,83.66258408320718,0.0,74.07595533333883,28.69139104616339,0.0,5.829090758490554,87.12188408461215,0.0,63.927070104451,38.09104916665148,0.0,105.40751430864556,0.0,0.0,56.84694941963303,36.62418256705395,0.0,46.44467664810506,54.768054898242056,0.0,56.66173136224289,40.701536864740376,0.0,G2
68.04216908163569,28.272468199105738,0.0,30.4975572036839,72.88321625613341,0.0,49.92108839720006,56.989561876399094,0.0,66.02823239475374,15.446402243115232,20.08237038800535,24.161772592702107,39.98936585458212,36.656226436158455,42.40505921249958,54.236560571932436,0.0,16.180332714609865,87.69304245016784,0.0,11.652712890595954,80.36771803866867,0.0,77.65671292292906,26.362778029181843,0.0,5.497746906487087,99.41965865166456,0.0,57.61932844224148,40.169820499856606,0.0,104.03821073260353,0.0,0.0,66.2466465383483,41.60057259516871,0.0,49.53065207377349,51.795302822020034,0.0,52.86466890281683,39.81063786457144,0.0,G2
74.80342264896102,26.98375368598056,0.0,30.171939972628877,76.2957580173805,0.0,45.984068275978885,57.053021731405444,0.0,62.19960681320974,18.23146994675404,21.78385986151001,19.875742713693104,35.67123112888873,36.9142588027436,41.608831443977735,61.047575886732034,0.0,15.479411615698961,86.05288382654764,0.0,10.615569008170858,83.97020199655296,0.0,66.28943287014468,28.609126042850974,0.0,5.655042991830856,89.57616112579632,0.0,59.107994356888284,37.58240857486382,0.0,108.89586991134851,0.0,0.0,65.27774622739702,39.01861732231547,0.0,48.463978317113806,50.81124578649398,0.0,60.17307276066906,46.8938722408486,0.0,G2
70.77964435424941,26.429010736518155,0.0,29.219017846317783,74.80421952239668,0.0,45.59750647305511,50.06756934111423,0.0,61.5127201848966,18.514788924532397,20.356189581245072,23.836695613051194,40.65067535753029,42.0934196046682,46.86047675816035,52.89284755222036,0.0,16.149517781596636,81.57969037995618,0.0,11.464917207039056,87.96748560793854,0.0,72.18922604370809,26.457534972043938,0.0,5.68296164778823,99.11117003063393,0.0,65.15535771309666,36.947316476596704,0.0,100.70097455767214,0.0,0.0,61.42509529900092,41.20529494682742,0.0,53.743655238390645,51.03751620641635,0.0,55.44519692478234,42.859821522117606,0.0,G2
67.76398323847458,28.638806569594607,0.0,29.55050285771593,70.55178212882407,0.0,47.96224312766329,50.47626493940069,0.0,58.715305818834864,15.301771798646486,22.847457601253172,21.339857422425286,40.83967302932693,35.74474331594396,47.01896349708933,51.32592474875337,0.0,16.394865225704297,80.66586869327554,0.0,11.953743398270424,97.35358516536827,0.0,77.37864043804431,25.818664833771926,0.0,6.378207868010822,89.31193442256495,0.0,60.213008114494954,36.384978552870244,0.0,103.68756098136376,0.0,0.0,58.94772855869031,41.12179059154619,0.0,46.79790617735493,51.90529782697524,0.0,50.95765666529472,39.811044434251556,0.0,G2
73.12684385392429,27.2430958580001,0.0,30.715020569053475,68.6973948722345,0.0,50.52872350669899,55.019834031825496,0.0,64.94047244099762,18.620445478114586,19.88090755579876,23.70666382905262,41.82267014969687,39.08899532996183,41.235132567976265,61.32239224655507,0.0,18.0367928381844,76.26913359812019,0.0,11.882681377895674,80.44505930216694,0.0,78.18917631666832,26.683585519560673,0.0,5.444589582147341,86.23817943026802,0.0,63.1579432591963,38.93756186234713,0.0,109.50226559965961,0.0,0.0,62.01328333558299,42.18896037568445,0.0,52.73151068288901,45.608201007469106,0.0,57.148956540949726,44.44366502339287,0.0,G2
68.27480849852172,29.719698715929624,0.0,26.085667017630154,78.99249530846451,0.0,49.231151496947135,53.30698826316404,0.0,62.08105376103669,17.268919558477663,22.636845942486612,21.089067796286866,37.36364225206706,42.03115044007464,47.19422184106921,52.961398178063554,0.0,16.884960986486572,87.64118422107819,0.0,10.760117836637786,82.70887721948367,0.0,65.81546552673402,28.566746724098873,0.0,6.573909721570482,91.23847404911068,0.0,66.99074997756678,39.13595123458949,0.0,107.90962663643748,0.0,0.0,66.15148827919681,35.71929485511345,0.0,47.6988044819735,46.64370758439499,0.0,58.825748719688605,40.74361813881096,0.0,G2
74.3676954953125,26.38565389755678,0.0,27.89705834976456,69.0474075508057,0.0,41.86082996533909,56.023383008990606,0.0,61.84969239002943,18.414844071124115,19.97058741052055,22.593865836263074,35.59724590804778,36.227825562351676,43.95643694273042,58.76717114459101,0.0,15.512923635697735,85.77816409628456,0.0,10.385713104422093,90.76270349021986,0.0,69.4713260997579,30.504720271429722,0.0,5.414591580464595,100.61198738407312,0.0,59.8865468893503,37.353649709424964,0.0,98.22120386514058,0.0,0.0,66.9695717576571,38.58045262203754,0.0,48.698673636354464,50.57746837355927,0.0,52.843232578567616,45.040205663083114,0.0,G2
74.16956508659433,30.603374326467176,0.0,28.87441777830328,71.83058520850743,0.0,42.52959987158455,49.851342515599065,0.0,58.28398256194018,16.177965240756325,20.932124220799825,22.059336646297968,40.480780716812774,35.328611775353124,45.85588141307024,58.08185705179786,0.0,17.232272839005653,82.77410953610747,0.0,9.9064898647343,84.58463263176058,0.0,74.93507196989404,27.219874175024184,0.0,5.899672790690198,86.4187343388883,0.0,66.00376100625942,41.83859352472212,0.0,95.74031801947112,0.0,0.0,55.39297118087051,38.90133156336724,0.0,49.92368546599732,52.52351932396135,0.0,53.68954367023584,46.338385686611936,0.0,G2
65.12207742896324,26.630262925491436,0.0,25.576388802535952,72.07647138086679,0.0,46.62030607325007,50.07742583111899,0.0,55.384769487726196,17.929180073191215,22.33822829321582,20.416522409441438,40.23096872222069,42.02094382038506,46.95069716399523,56.31570792699716,0.0,17.564616002564517,76.88812171797595,0.0,10.28667778276339,89.04292379269809,0.0,73.86949438788473,25.389220271954528,0.0,6.362303021929578,96.16808639530514,0.0,59.85944512943017,38.51088698686836,0.0,94.84882120699072,0.0,0.0,66.64391722301656,42.71066948085755,0.0,52.3830860637293,46.04945261847383,0.0,61.032206206828675,45.13580769703585,0.0,G2
67.017512367032,28.62005136991781,0.0,27.130967726542103,66.39312026943549,0.0,49.08817262529496,53.066776350502465,0.0,64.5044998648031,17.672281858375577,22.213272466692075,20.011776339155922,38.08718971848378,36.824984632828055,48.29288676740031,60.25587965792367,0.0,16.675971781171995,83.3717964025508,0.0,9.901651177716236,82.98276957614904,0.0,65.0889687163419,29.363965468497852,0.0,5.885462686849377,98.73559112164884,0.0,66.85700722983513,37.900515788572534,0.0,102.95648191702941,0.0,0.0,62.379097030790724,40.01230487710611,0.0,45.25898952170174,52.99105451342048,0.0,53.14648274595271,47.52930141756229,0.0,G2
93.53740445233846,10.51198618911079,0.0,15.771411700732763,80.08470993250894,0.0,5.952018374701907,97.9184150584372,0.0,46.19294996189992,11.746243232535234,41.13442356083777,54.05227367620381,28.91228297558981,17.86007426980769,51.62861003407785,49.702197225391586,0.0,6.242339614184553,97.09514603843985,0.0,11.761464685841517,86.57893999569495,0.0,76.64840754395267,15.699496836901673,0.0,0.0,95.57271515953882,0.0,102.85681993998703,6.34495908254895,0.0,99.53869190641798,0.0,0.0,88.32136337642936,11.428087997146664,0.0,99.91581362692497,5.804485864608833,0.0,29.553721583423393,56.54803441343072,16.506242739206375,G3
94.39235865173237,9.963228913096598,0.0,17.210046676423012,77.23508724893614,0.0,6.005506007316391,95.36861845791519,0.0,49.081521750045866,11.051065346103615,36.5992935954563,53.43737977682179,30.156142568181288,17.21505247880989,52.813091112619986,45.57668107152152,0.0,6.395670645213995,86.09129648936859,0.0,11.856394839609111,93.74771420670116,0.0,91.01383444316303,18.060890120829313,0.0,0.0,97.20939341846024,0.0,103.30952171345771,5.5309216063874835,0.0,93.61643414519648,0.0,0.0,83.99593730729356,12.006727433167658,0.0,86.90096545921051,6.343859339866764,0.0,27.389968674051282,49.862645223755834,16.36381142005134,G3
85.26002352329792,10.094076462426202,0.0,16.07744311653934,89.94226343793318,0.0,5.4533445238689975,89.86500896931686,0.0,48.71779034414064,10.050634629268526,37.129074606094264,50.7251066681662,27.484299988773678,15.849613542592962,49.37019778536848,46.57276788270372,0.0,5.980819142793818,87.99376206766294,0.0,11.918347202327507,90.2793545122089,0.0,86.49740136749536,17.405911819258982,0.0,0.0,98.24376950919216,0.0,92.57942410884245,6.240476574594106,0.0,106.22286180327605,0.0,0.0,96.25564770963074,11.782966481222862,0.0,85.78220263481742,5.936482991943617,0.0,26.40629749922787,55.19174848285529,18.37626580678088,G3
93.68927970363026,12.018967183068277,0.0,18.14003529791691,84.81882597931538,0.0,6.088123298202007,86.31294466340388,0.0,51.381469473268865,11.270863058929114,38.89824502419768,57.22016459331496,30.665476990722812,18.28912765383018,51.99365329242773,52.42442090392506,0.0,5.9035846526575915,99.71470446939578,0.0,11.678719780294406,80.99127234712095,0.0,81.515444351576,15.486513603113028,0.0,0.0,108.24160944555109,0.0,97.43917741163888,5.884009326505513,0.0,94.62383107467306,0.0,0.0,94.5316207069578,10.338681274255352,0.0,92.4058793309584,5.983137055811794,0.0,29.357870118486165,57.6461544418473,18.58491704929143,G3
93.5220342925616,10.546226197026767,0.0,18.374889511163886,77.84834123062406,0.0,5.45988649348814,94.94051622350636,0.0,53.26033149053612,10.126834635903801,38.5993153326852,57.4550666431401,28.326359150923455,16.883814482619403,49.3999350555442,50.80296099318982,0.0,6.010478423532281,101.32617808719728,0.0,10.080134098938846,90.32993913187248,0.0,91.18907772436617,15.52572262060891,0.0,0.0,90.80584402859829,0.0,102.91694366347731,6.126179915101402,0.0,95.83561911604906,0.0,0.0,96.96195768605808,11.977642070355055,0.0,100.48292849699902,6.335516995840349,0.0,27.817716980409546,50.07481854461309,16.804434814804466,G3
88.7088630612907,10.217239072537309,0.0,16.06905332299592,78.84850254174974,0.0,6.192710841908593,94.53039188738533,0.0,50.127382150292476,10.548375718942276,41.68311059960058,56.70835874793467,26.204093823936244,15.775611424735072,54.722454783455845,45.182241695660025,0.0,5.408550811508494,87.90273876276055,0.0,11.616147667416193,85.08768446224215,0.0,84.14927830191152,17.086673775555347,0.0,0.0,109.17379651044236,0.0,85.80166217071974,5.564908977823095,0.0,100.21742749636671,0.0,0.0,89.99532256416958,11.078063517731282,0.0,102.75868926671603,6.318701991853683,0.0,29.688063179714238,57.16767970865625,15.494789631352681,G3
82.20381593170427,11.211376746984255,0.0,18.30039259577302,76.13881745046767,0.0,6.030599201008022,102.13459994224864,0.0,49.22507081765235,10.972164118328726,42.69072197545518,56.494970654056246,26.565518410709412,18.569565983239386,48.64248730642538,52.49519111320432,0.0,6.357323020656087,100.60644193684847,0.0,10.391534715264788,83.68105467160728,0.0,76.5033138363093,18.19442658787019,0.0,0.0,106.7935595696736,0.0,86.71539527947134,6.522331705715632,0.0,93.6938066170911,0.0,0.0,84.14801946810827,12.020912336127154,0.0,91.14129897717723,5.513569248086752,0.0,29.82871184739558,58.86977803339709,18.31546462016749,G3
92.92857731932419,11.75580956272227,0.0,18.63108690254594,88.35736307068926,0.0,5.920085836815479,88.3575465941366,0.0,49.771299919068994,11.320181185838461,42.40588682534714,56.66768824293339,28.094970653491846,18.697848085246285,49.474073910190725,47.14053030910129,0.0,5.417981667734318,100.05669865428898,0.0,10.577579347210248,82.38027613334292,0.0,83.23411601082047,16.86030914128841,0.0,0.0,99.08830604943427,0.0,93.17038246505797,6.587234966384079,0.0,102.200420523362,0.0,0.0,85.27507448846835,11.877764494045492,0.0,98.59861797808107,5.5429392851142385,0.0,30.12908889830079,51.026062329502345,18.633620122742414,G3
97.70047006280896,11.059362745408457,0.0,18.497924634266944,82.06601601558046,0.0,5.768766310697538,100.14134175599557,0.0,48.829457489792716,10.760020382639587,38.7602860807457,59.32863853674279,30.671569265124745,17.243267255256008,47.15382055269365,51.10625826604669,0.0,5.884009533482978,88.06635753908475,0.0,10.024128455971663,95.9335781432697,0.0,76.3050688857247,18.147767017782446,0.0,0.0,98.75772488046894,0.0,102.92365034020595,5.668204521677614,0.0,99.39412893124164,0.0,0.0,86.64853385831819,10.09984484960438,0.0,84.96173586401859,6.327642077558009,0.0,30.29842101884647,58.792805120447795,18.58714320142182,G3
88.66429798670485,11.179404353590604,0.0,17.012381277099987,89.60775450460875,0.0,6.253382897959135,96.43045620849048,0.0,47.76407050984856,11.649384723131966,36.02476502141377,51.21613726027634,25.215591907313463,17.908769289164656,48.93557796258848,53.23491687342307,0.0,5.4248801656855195,92.3239466314145,0.0,11.138007763530565,84.8769729878095,0.0,80.55150681555767,17.63989597165305,0.0,0.0,104.31040674789146,0.0,94.18437013269876,6.507275765423346,0.0,97.97238630144015,0.0,0.0,95.0996849620027,11.384290015613061,0.0,94.80040699171819,6.339828341281966,0.0,28.43200336661485,57.67495589135338,16.709263178146806,G3
82.37721463624003,11.099839935412989,0.0,15.812310241312659,80.73714149011793,0.0,5.94110759790602,101.65225211513425,0.0,48.980470567418074,11.520727492066575,35.2990464564491,56.178262722428286,30.170314206176393,17.222188228914664,50.125741982077734,52.40003967721252,0.0,6.00525756383462,98.98387854963974,0.0,10.205141935528319,90.29409974719047,0.0,76.139036273069,18.5678518278154,0.0,0.0,108.05989583545836,0.0,87.5063006987539,5.572185185174279,0.0,105.84625689976514,0.0,0.0,95.09365035171274,10.07438879946716,0.0,88.11861145618545,5.469427229294036,0.0,29.686344860255673,51.507491415982514,15.494545301917446,G3
97.45890567494604,11.977001697758453,0.0,16.211945675328863,86.69972288092303,0.0,5.583560285605008,101.6378317784631,0.0,47.465636930872066,11.059049335786307,35.59037456813371,56.22946544094588,27.301327311911496,18.233095153157322,49.74263740837899,46.08693869357492,0.0,6.173794207186218,88.08670425665075,0.0,10.496500423056824,87.4422401853806,0.0,87.8110690308762,16.458404445050146,0.0,0.0,100.503994114631,0.0,97.72912772927393,6.586457659408786,0.0,104.55398690920302,0.0,0.0,91.32557311660835,11.104610385448906,0.0,90.27767567666446,5.610427299229036,0.0,28.956228482544294,53.96014528237785,16.909477591498604,G3
90.13257077893559,11.435150609768087,0.0,16.028125785203677,81.37335974276958,0.0,6.4335661558100306,90.52138922659049,0.0,53.287101543232936,10.034484978615074,39.49532966578854,53.61685150703001,26.31458686276732,17.196205332973413,52.23785339946806,46.63331066175657,0.0,5.443709778660184,101.45763432274643,0.0,11.99981358763157,93.07061517778959,0.0,75.76032000330234,17.94797928905853,0.0,0.0,108.66808160921094,0.0,99.67841551637599,5.986728030457537,0.0,106.45193394386227,0.0,0.0,97.15343438276828,10.748102615809763,0.0,88.55987174036935,6.266925461092879,0.0,28.093529891557107,53.97681517523098,18.47131664290237,G3
82.86340924291652,10.12992245286611,0.0,15.57344137223417,76.95247444493293,0.0,5.9992771237917335,86.67492878979546,0.0,50.66864081028639,10.20957949814079,42.778159398065114,59.75387744865117,25.70564032023886,18.63531607335339,53.07450809973961,50.93328050111902,0.0,6.53437292560286,99.27058935096724,0.0,10.643873725054135,97.34432843479908,0.0,76.62143109424866,15.32395343894135,0.0,0.0,91.53681160266926,0.0,102.88448460750737,6.33636511052057,0.0,100.07842165180698,0.0,0.0,95.34464677958518,10.38184025244845,0.0,96.07272320355841,6.198674221055066,0.0,29.57267602068615,56.81468001657911,15.549984628090922,G3
80.69739568251312,11.883139034090352,0.0,18.147918362585514,89.91291350349745,0.0,5.762707717802518,87.29181116023142,0.0,54.41463341341416,11.353319536348943,41.57274455518794,53.52005406007554,27.33561835793132,15.598264334565929,45.22359959092881,48.724445113690415,0.0,6.452284380011718,89.41498991238302,0.0,11.556346938636848,94.75224353790908,0.0,86.91006342508629,16.051976797191625,0.0,0.0,107.60445704725393,0.0,103.30112788622006,6.1709077695997,0.0,96.81920925207429,0.0,0.0,86.83595190476642,11.903051266922997,0.0,101.85712073402597,5.792764939886834,0.0,28.90045575411771,51.1770316080728,15.375777191927826,G3
82.97824905613894,11.87265950690595,0.0,18.16548014739984,76.40216264828868,0.0,5.647257915887399,101.6804138796499,0.0,48.08560121481683,10.319162031570176,39.53470669095938,50.96264861637941,29.769393568024658,16.793184901163155,52.86647308028452,46.5415109271022,0.0,6.175911504174791,95.16789753790079,0.0,11.590459169116144,89.66698883000933,0.0,80.03926097059568,17.74474249688467,0.0,0.0,109.64410680731781,0.0,101.25794575187355,5.701460935675678,0.0,98.11470371197133,0.0,0.0,85.13669465262329,11.884979307814564,0.0,97.70332108860023,5.711288183631164,0.0,29.97388996100346,57.02517235880095,17.57032898666028,G3
94.29085538091078,11.876413405047696,0.0,16.38976457621688,81.8116818901234,0.0,5.677479859802764,87.95979860737408,0.0,49.856157705832935,11.071615352356705,38.45698852509181,51.56020231695243,29.38955015111031,18.277688329597538,54.1884427889038,54.89108044822684,0.0,6.371951286046033,98.95953473579051,0.0,11.139437831502836,83.35706685948631,0.0,82.6793038555045,16.181571117227975,0.0,0.0,92.1041613424777,0.0,99.74815768538505,6.158927881758281,0.0,107.08083455796809,0.0,0.0,82.44201311167178,9.913003492233248,0.0,101.86274171396605,5.6097461591653675,0.0,27.31615211770912,57.02709918260309,18.211583879379788,G3
80.36227335868234,11.843553682582595,0.0,16.852917271473657,78.58709310433258,0.0,5.765321000736842,99.21393332074503,0.0,52.51391057157948,10.030369085802109,40.541750374848185,57.877960225615226,29.982552587999372,17.543210711476526,51.44507172357733,51.294846442457484,0.0,6.274025046186139,93.84664404565488,0.0,12.056339815793045,83.4664878066375,0.0,89.54488792133174,15.685789752565555,0.0,0.0,108.4069790314653,0.0,97.2906104637616,5.830744611756535,0.0,109.02383969706418,0.0,0.0,91.49258365864007,11.804909218420883,0.0,98.49097287980122,6.537063560252303,0.0,25.95138681168691,51.03165673129005,18.356369775137832,G3
95.94812756478687,11.069163301646679,0.0,17.225742531470633,79.0861776173373,0.0,6.161439717658031,87.67809055701731,0.0,46.956330639381996,11.749209265241548,37.617173301095505,60.03029722385989,28.205583384500994,17.89924590211467,48.731351527792924,45.130326326876336,0.0,5.4507682340418935,102.82088427966205,0.0,12.049373839837058,92.48801093919641,0.0,86.84468782051462,16.7153496445489,0.0,0.0,108.37677673949041,0.0,99.54802546613715,5.9221894989829496,0.0,106.56383683946781,0.0,0.0,96.47808876279032,11.587773775861832,0.0,86.323656960492,5.858959582599761,0.0,26.938805130729758,57.70525224264197,17.258437611594886,G3
91.24285218076827,10.903212027255709,0.0,17.786179666228097,76.03707642813359,0.0,5.532656769656384,87.78513917680795,0.0,48.002184690980265,11.80382718898405,36.519321598443796,52.00401536032404,27.15586425072368,16.354383601876634,53.95996827009476,54.916031255714756,0.0,6.143523616753646,88.3226771430307,0.0,11.649729167427028,92.90786431088615,0.0,79.12893842540274,18.42481660098931,0.0,0.0,108.50154347486594,0.0,97.34544871542546,6.445128030941314,0.0,104.117531185437,0.0,0.0,80.51096364153646,12.076142318976892,0.0,101.38080671373146,5.621602659600968,0.0,27.691483110673307,60.42546607658472,16.484033310266913,G3
25.226583129128656,65.37337323217811,0.0,0.0,103.98470206284489,0.0,98.9316196453711,5.679227659363874,0.0,6.565006197872627,79.87791875167932,5.732986153058256,92.11634294727418,0.0,0.0,85.84598125434758,5.769237037185101,0.0,0.0,104.85589415054199,0.0,0.0,107.40823230699533,0.0,98.71346934248523,0.0,0.0,0.0,91.29127906145214,0.0,77.49719831936675,18.133635236680767,0.0,96.27183476337021,0.0,0.0,97.3811555900607,5.6258133557834915,0.0,46.860876875694075,41.179790362807324,5.74346684457992,0.0,71.07664106439985,22.615963851647244,G4
25.73822663970477,69.15845517095102,0.0,0.0,108.7538352243038,0.0,85.68674424748676,6.530753320912668,0.0,6.310576853394806,91.83235326262957,5.894317899155876,91.41751356193896,0.0,0.0,93.77823602112376,5.608748354807743,0.0,0.0,104.09584884056841,0.0,0.0,104.96018480062847,0.0,102.93473182185146,0.0,0.0,0.0,95.40141611200109,0.0,88.5149895998396,15.402254794069908,0.0,91.36199457919102,0.0,0.0,88.91695061875866,6.447169985001749,0.0,50.89884762228716,43.68456021102457,6.3192736827753695,0.0,83.0190877552434,23.585821903411258,G4
26.819005285015983,67.91869812203849,0.0,0.0,104.85333795535095,0.0,100.86974012478483,5.573650090209636,0.0,6.021004850907678,91.88415228755538,5.45365191653667,92.11714230307678,0.0,0.0,98.89643211115495,5.834695845348741,0.0,0.0,109.46673359632466,0.0,0.0,109.48345342917212,0.0,94.55186594003409,0.0,0.0,0.0,103.42179085485807,0.0,81.28386094945857,16.994013016719286,0.0,91.0673813432248,0.0,0.0,90.2358207044985,5.5603322137293505,0.0,48.86088969809929,46.95454069024675,6.598849502410301,0.0,79.40776402320063,21.698167799187424,G4
26.375150613945763,77.02434867192856,0.0,0.0,105.63565185598948,0.0,99.94113570850864,5.69409269363209,0.0,5.636664393397408,86.28850941010948,5.983043017020983,97.21846026071022,0.0,0.0,86.81352194421483,5.703741516215069,0.0,0.0,106.9849651814489,0.0,0.0,106.46506044389432,0.0,98.33323969103826,0.0,0.0,0.0,108.94198973338347,0.0,90.46289152212184,15.41219862392022,0.0,105.08696925248668,0.0,0.0,94.34034673203925,6.386790701629397,0.0,47.75555282097157,42.81914192571698,5.406152262763572,0.0,78.21284161289458,20.72576599217888,G4
30.407181278688515,64.85413589990316,0.0,0.0,103.9779372764202,0.0,101.019934505128,5.896484759750582,0.0,6.2059492351910315,85.68241988436358,5.929362900386384,90.28185946627268,0.0,0.0,96.88886969698964,5.8809409678223155,0.0,0.0,107.19213454803163,0.0,0.0,103.62416250894094,0.0,103.4709174816909,0.0,0.0,0.0,100.82777312986998,0.0,87.13224048172734,18.421222326608763,0.0,99.44083046395224,0.0,0.0,95.05544005904031,6.125882928243757,0.0,47.436654055356954,45.2596565076248,5.525271704148933,0.0,81.639574773325,20.400712559687115,G4
29.28978658202062,66.09675691548058,0.0,0.0,95.14722572876471,0.0,92.60656596075114,6.350477672015385,0.0,6.48111810585016,88.02052562858316,5.661417506800891,93.9535357723489,0.0,0.0,99.90005940773686,6.305882582624963,0.0,0.0,98.64138066703748,0.0,0.0,90.40579626845106,0.0,91.7277415011501,0.0,0.0,0.0,106.3467964168527,0.0,74.7414928763717,17.581078086385602,0.0,102.38262927952857,0.0,0.0,89.09378985507344,6.23504784834181,0.0,47.00550168932673,40.82479686444491,5.986414216253743,0.0,74.63782541538349,21.826398703466104,G4
26.038996812428568,74.76109754179919,0.0,0.0,92.44598738228623,0.0,100.87916435218236,6.047097015866555,0.0,6.540930090044321,93.41411275575861,5.711412835635298,101.48518575765607,0.0,0.0,84.6983024495059,5.791409082500781,0.0,0.0,101.49373832985796,0.0,0.0,93.5237146968846,0.0,95.82045278095082,0.0,0.0,0.0,108.71883504895966,0.0,90.27667348991739,16.299686880417376,0.0,104.43027951536646,0.0,0.0,89.57403828420105,5.633579427006375,0.0,54.068902342260856,41.23077664999941,5.521824330727784,0.0,78.15523722082862,23.09920091473744,G4
27.452071574507073,65.40153036311588,0.0,0.0,106.54485338630091,0.0,94.25966989321499,5.485636295736277,0.0,6.188566084022141,94.7438640299947,5.550836547696991,90.01969567441375,0.0,0.0,102.36854369675136,5.440861449917618,0.0,0.0,99.15093227712283,0.0,0.0,101.07355670273284,0.0,94.75815395102344,0.0,0.0,0.0,107.65740654338927,0.0,81.17723038615381,17.2253423251817,0.0,102.97092839387692,0.0,0.0,99.80359046523321,5.586764926310198,0.0,49.760198621815185,44.83922821701413,5.455676771338437,0.0,72.80753531766939,23.650532718774556,G4
26.974741067274618,67.8665535356861,0.0,0.0,108.939334738563,0.0,102.519713489609,6.023603425565577,0.0,6.51722628382223,91.12398516021739,5.463013624627317,96.07702473551366,0.0,0.0,85.67703112776171,5.887611845489152,0.0,0.0,95.53550093417768,0.0,0.0,109.20511290456116,0.0,103.23351586995577,0.0,0.0,0.0,98.54671799184712,0.0,75.22378995521193,18.190843966805367,0.0,93.79118843906028,0.0,0.0,96.01497417437199,6.294715682724369,0.0,51.123853176144976,48.08941202434544,5.605050276193051,0.0,70.84902339656645,20.955084660387243,G4
27.013422291518662,75.50506202772489,0.0,0.0,102.60605767005298,0.0,101.74459760095384,6.2413716921722635,0.0,5.608537833855067,80.0941965996949,6.5106556598671075,104.90486773735608,0.0,0.0,94.02313102661219,6.131205277873349,0.0,0.0,97.5983212507582,0.0,0.0,92.19069081295797,0.0,100.67399678802343,0.0,0.0,0.0,101.30573624183059,0.0,88.65477593140439,17.48731201920092,0.0,105.1457208894328,0.0,0.0,88.79940080690348,6.54455207854162,0.0,54.68732453749848,43.9929473914336,6.55952548637445,0.0,82.54399301787902,19.881019129362095,G4
26.303670503543128,66.19108200797729,0.0,0.0,105.02828181548995,0.0,98.27204653746918,6.03283672101413,0.0,6.535552040554689,83.40843313323462,6.444528059769027,99.41313236355188,0.0,0.0,92.39226559565765,6.239971943732008,0.0,0.0,105.56061394335796,0.0,0.0,97.3885053585193,0.0,91.47591973314849,0.0,0.0,0.0,94.21497263001494,0.0,90.03597059705628,17.63519063834318,0.0,104.20955144047628,0.0,0.0,91.77052869143476,5.9838740900673395,0.0,48.69258837645078,47.7967263629335,5.631498811728037,0.0,81.54686636341512,22.23856079843315,G4
27.3690051585359,70.64497749413796,0.0,0.0,90.74688638110521,0.0,94.23418624101781,6.047671760724239,0.0,5.62637165747542,84.97880822210749,6.3298090150221125,90.50021108686026,0.0,0.0,86.62789467417318,5.467517676274309,0.0,0.0,94.01961715849863,0.0,0.0,109.69855169400854,0.0,103.28922881991903,0.0,0.0,0.0,108.27009459285918,0.0,78.13683782553493,17.061561084270323,0.0,106.61403416671007,0.0,0.0,91.15511457012907,5.964415435756389,0.0,49.32193979582014,44.54574930122358,5.404057707338997,0.0,79.5364785043255,21.76120651961957,G4
26.083209446607473,78.8220450803185,0.0,0.0,95.26082418168212,0.0,95.58818277276816,6.5651617726067455,0.0,5.703559792448624,86.19998167739007,6.569417450695505,107.17694188183629,0.0,0.0,99.87772583504426,6.34246056372429,0.0,0.0,103.50487835425383,0.0,0.0,91.53268738517805,0.0,98.94404036275215,0.0,0.0,0.0,108.055040813078,0.0,83.08146320610538,17.885714388661157,0.0,106.31296387517813,0.0,0.0,97.36635646169113,6.090619937723162,0.0,54.49257755559128,44.49228707074179,5.784902065946451,0.0,75.68109181086598,23.557202304152952,G4
25.37273852079403,67.71191846530658,0.0,0.0,105.33030055939416,0.0,103.13170292279736,5.773966792663743,0.0,5.837152344483127,85.7128899731096,6.0219616250475685,105.38943831360052,0.0,0.0,89.12366847581438,5.460131974830434,0.0,0.0,101.75096412588904,0.0,0.0,109.28621109836958,0.0,108.0256547957865,0.0,0.0,0.0,109.32962240349892,0.0,77.77694472532345,16.893539597678366,0.0,94.97021076231194,0.0,0.0,92.0545555021937,6.074189118142884,0.0,50.47674222809606,40.54608623854099,5.625284050291704,0.0,85.40729797549551,23.382732147108317,G4
26.889752625896897,67.24378272382414,0.0,0.0,94.7959616102122,0.0,99.11255266915902,6.063003878587513,0.0,6.3344395226357,89.49610373667234,6.397790488452758,107.92045347771624,0.0,0.0,91.47079937077065,6.261830722447387,0.0,0.0,98.21462484395445,0.0,0.0,100.74924600336253,0.0,107.99448646989285,0.0,0.0,0.0,108.67934366608522,0.0,81.00960509978006,17.847971962046024,0.0,96.19954339013952,0.0,0.0,101.9187090523452,5.880269495677198,0.0,50.71306896613709,43.38303448417597,5.816484472636289,0.0,85.03771596921483,21.160431153844375,G4
25.30346816307467,66.96321400977004,0.0,0.0,100.77039190281465,0.0,98.99148879178874,6.066013312483118,0.0,6.348780090122036,94.08663692089833,5.575002070759707,106.95390362047743,0.0,0.0,98.06482874966485,6.411331384179179,0.0,0.0,102.11259319414373,0.0,0.0,93.69257066158667,0.0,104.79117580496461,0.0,0.0,0.0,93.62056277005235,0.0,88.15652214977428,18.50766259396816,0.0,108.74139054827037,0.0,0.0,93.44288493943574,6.32400803923142,0.0,53.548319408074136,42.63455131874263,5.9878612137590705,0.0,76.72096617563872,20.66771870499972,G4
27.0286126445123,76.42608442678024,0.0,0.0,109.70925291184705,0.0,100.33596962138743,6.462807831125462,0.0,5.828324754936615,81.7336425297876,6.598682863973284,95.21476861825359,0.0,0.0,102.2883357724722,5.785694181879134,0.0,0.0,95.33410906252261,0.0,0.0,108.97536757775688,0.0,93.87974932798045,0.0,0.0,0.0,94.39745118021952,0.0,85.2504485942872,16.290078672685556,0.0,108.89962981165371,0.0,0.0,90.15281099520088,5.832400234986558,0.0,47.69379592717888,48.18097581739936,5.46237711845991,0.0,81.49348827403846,22.82460509109336,G4
26.71089152927595,78.15537448770706,0.0,0.0,101.49335638961838,0.0,93.59978868303075,6.516724823227986,0.0,6.378039973919414,81.68876229329032,5.98451897009487,104.08699152297154,0.0,0.0,103.03547530612511,5.501185440623514,0.0,0.0,94.98198699482545,0.0,0.0,106.18444787582962,0.0,90.4472974802462,0.0,0.0,0.0,93.25102474367844,0.0,85.2919462245853,17.456695677609865,0.0,90.18452696099297,0.0,0.0,94.65820272360088,6.417323716191874,0.0,45.04649293085176,41.638558909484225,5.642208455058398,0.0,83.13861225475472,20.00420167877919,G4
30.56115941800923,67.68911236865196,0.0,0.0,96.68880192031527,0.0,89.73343135283879,5.482401342493455,0.0,5.439801950235137,81.85739146080681,5.748566664709483,92.14568325764682,0.0,0.0,98.05541975400733,5.766852469546168,0.0,0.0,95.93171467108425,0.0,0.0,98.46110350640693,0.0,105.43222633094014,0.0,0.0,0.0,107.74978570215791,0.0,89.10815058682093,16.377294669045558,0.0,96.6821252152737,0.0,0.0,93.18232186058168,5.9373624925540245,0.0,52.13448698188582,42.45522970258337,5.4832030540314936,0.0,80.97269634943885,23.310851208775137,G4
27.177460616643696,70.123679747351,0.0,0.0,96.92115072321322,0.0,92.05860740995956,5.829859165987628,0.0,5.652780660458806,95.20926397852811,5.717012265874489,103.65583693820638,0.0,0.0,103.05412673879158,6.2675035988409045,0.0,0.0,96.22760721426884,0.0,0.0,105.51011756602936,0.0,100.22192787744318,0.0,0.0,0.0,101.45369313343537,0.0,75.36483690896718,17.893462804127694,0.0,104.87653930110432,0.0,0.0,100.23206964068451,6.455423666112548,0.0,53.095199554573504,48.17537532476483,5.625073598065179,0.0,71.2499179794395,20.380604585388465,G4
